Tarih,Simdi,Acilis,Yuksek,Dusuk,Hac.,Fark %,Fark,RSI,Brent_Petrol,USD_TR,MACD,Williams
11.07.2010,57729.36,57199.35,59065.79,56658.46,2.08,1.01,530.01,41.01,-0.07,-0.84,42.28,-87.98
18.07.2010,59299.53,57392.52,60141.63,57392.52,1.87,2.72,1907.01,39.23,2.76,-1.14,152.13,-85.91
25.07.2010,59866.75,59570.81,60950.85,58961.69,2.01,0.96,295.94,40.14,0.94,-0.98,23.61,-85.16
01.08.2010,59753.02,60335.58,60792.04,58967.43,1.87,-0.19,-582.56,36.78,2.53,-1.16,-46.47,-85.31
08.08.2010,58479.86,60344.19,60441.82,57654.55,1.63,-2.13,-1864.33,42.94,-6.3,1.85,-148.72,-86.99
15.08.2010,58749.93,58611.4,59854.65,58122.18,1.88,0.46,138.53,45.25,-1.13,-0.1,11.05,-86.63
22.08.2010,59345.93,58720.0,59604.7,57927.41,1.55,1.01,625.93,58.95,3.22,0.04,49.93,-85.85
29.08.2010,60998.84,58972.91,61253.85,58811.03,1.61,2.79,2025.93,52.62,0.03,-1.09,161.61,-83.67
05.09.2010,60608.08,60999.73,61174.18,60312.29,573.21,-0.64,-391.65,59.6,1.94,0.62,-31.24,-84.19
12.09.2010,63862.03,61905.08,64447.56,61434.16,2.9,5.37,1956.95,61.04,0.06,-1.03,156.11,-79.9
19.09.2010,64241.48,63973.82,64897.77,63354.21,2.54,0.59,267.66,65.31,0.84,-1.19,21.35,-79.4
26.09.2010,64882.72,64476.99,66121.97,64231.09,2.79,1.0,405.73,64.94,6.19,-2.16,32.37,-78.56
03.10.2010,67217.24,64980.51,67398.49,64709.13,2.82,3.6,2236.73,62.22,0.33,-2.15,178.43,-75.48
10.10.2010,70101.22,67508.89,70820.34,67508.89,4.67,4.29,2592.33,69.69,-1.88,0.06,206.8,-71.69
17.10.2010,71006.82,69980.75,71268.01,69184.58,3.54,1.29,1026.07,68.22,0.62,0.74,81.85,-70.49
24.10.2010,68760.46,71498.42,71776.92,67312.11,2.04,-3.16,-2737.96,67.05,0.23,0.6,-218.41,-73.45
31.10.2010,70779.15,69442.1,71339.82,68146.31,3.21,2.94,1337.05,57.74,5.97,-2.51,106.66,-70.79
07.11.2010,69553.08,70401.7,71665.62,68561.46,3.38,-1.73,-848.62,59.54,-2.01,3.18,-67.7,-72.41
14.11.2010,69998.07,69332.9,70054.71,69048.57,157.78,0.64,665.17,58.46,-2.32,0.22,53.06,-71.82
21.11.2010,66147.74,71095.61,71151.66,65406.38,2.93,-5.5,-4947.87,58.13,1.47,2.97,-394.7,-76.89
28.11.2010,66860.19,66481.92,67551.97,63834.77,3.59,1.08,378.27,45.3,6.82,-0.75,30.18,-75.95
05.12.2010,64759.02,67169.09,68524.06,64629.4,3.39,-3.14,-2410.07,43.1,-1.03,1.77,-192.26,-78.72
12.12.2010,63524.18,65122.1,66970.75,62867.75,3.76,-1.91,-1597.92,44.11,1.32,2.8,-127.47,-80.35
19.12.2010,66267.34,63572.18,66396.49,62436.72,3.2,4.32,2695.16,46.81,2.29,0.16,215.0,-76.73
26.12.2010,66004.48,66163.73,67156.02,65258.89,3.54,-0.4,-159.25,48.38,1.05,-0.33,-12.7,-77.08
02.01.2011,68770.29,66363.04,69725.27,66127.36,5.1,4.19,2407.25,48.76,-1.5,1.99,192.03,-73.44
09.01.2011,67879.62,68515.26,68991.53,67300.87,3.99,-1.3,-635.64,47.56,5.73,-1.23,-50.71,-74.61
16.01.2011,65927.31,67654.83,67680.63,64471.7,3.98,-2.88,-1727.52,51.45,-1.09,1.3,-137.81,-77.18
23.01.2011,63211.27,66236.68,66393.03,62889.29,3.73,-4.12,-3025.41,52.75,1.86,2.6,-241.34,-80.76
30.01.2011,65309.0,62589.06,65868.81,61957.01,3.76,3.32,2719.94,49.97,0.41,-1.87,216.98,-78.0
06.02.2011,64730.35,65538.97,66163.09,63994.63,3.0,-0.89,-808.62,48.64,1.6,0.25,-64.51,-78.76
13.02.2011,65985.76,65347.61,66388.91,64373.12,3.81,1.94,638.15,52.34,1.07,-0.66,50.91,-77.11
20.02.2011,61367.34,65899.32,65899.32,60547.4,3.77,-7.0,-4531.98,52.0,9.38,1.27,-361.53,-83.19
27.02.2011,61112.83,61577.82,61809.28,58068.41,3.85,-0.41,-464.99,47.21,3.42,0.13,-37.09,-83.52
06.03.2011,63781.67,60561.07,63847.13,59424.15,4.69,4.37,3220.6,48.38,-1.84,-1.02,256.91,-80.01
13.03.2011,63839.27,63756.16,65120.97,62500.66,4.26,0.09,83.11,53.76,0.08,-0.28,6.63,-79.93
20.03.2011,64247.0,63794.4,65171.01,63324.67,3.63,0.64,452.6,52.96,1.46,-1.48,36.1,-79.39
27.03.2011,65714.4,64376.06,65714.4,63357.8,3.33,2.28,1338.34,52.39,2.69,-1.64,106.76,-77.46
03.04.2011,68093.26,65633.93,69795.99,65480.35,4.61,3.62,2459.33,52.8,6.7,-1.27,196.19,-74.33
10.04.2011,68450.46,67853.37,68911.52,67583.63,2.93,0.52,597.09,53.12,-2.53,0.13,47.63,-73.86
17.04.2011,68691.77,68810.39,68810.39,66283.4,3.35,0.35,-118.62,48.96,0.44,0.32,-9.46,-73.54
24.04.2011,69250.14,68721.52,69408.66,67345.55,2.86,0.81,528.62,43.52,1.53,0.24,42.17,-72.81
01.05.2011,68240.93,69620.91,70335.62,67968.14,2.87,-1.46,-1379.98,39.34,-13.31,1.61,-110.08,-74.14
08.05.2011,64585.22,68310.49,68574.33,64503.0,3.01,-5.36,-3725.27,39.11,4.31,3.34,-297.17,-78.95
15.05.2011,63298.58,64322.71,65637.65,62512.03,2.17,-1.99,-1024.13,35.88,-1.27,-0.69,-81.7,-80.64
22.05.2011,62407.42,62869.03,65017.13,61854.09,2.59,-1.41,-461.61,38.62,2.35,1.06,-36.82,-81.82
29.05.2011,62806.94,62113.12,63708.59,61138.86,2.65,0.64,693.82,38.04,0.7,-1.85,55.35,-81.29
05.06.2011,63700.3,63000.84,64477.92,63000.84,2.41,1.42,699.46,34.18,2.54,0.13,55.8,-80.11
12.06.2011,61716.68,64102.85,64334.79,59840.38,2.78,-3.11,-2386.17,33.41,-4.69,1.35,-190.35,-82.73
19.06.2011,62072.64,61102.1,62597.48,60311.28,1.9,0.58,970.54,39.16,-7.15,2.5,77.42,-82.26
26.06.2011,63264.51,61669.03,63640.85,61542.65,1.88,1.92,1595.48,34.31,6.33,-1.78,127.27,-80.69
03.07.2011,63596.17,63319.51,64463.13,63045.28,1.74,0.52,276.66,30.5,5.87,1.26,22.07,-80.25
10.07.2011,62635.13,63302.94,63787.09,61801.59,1.91,-1.51,-667.81,31.2,-0.9,1.46,-53.27,-81.52
17.07.2011,59802.32,62426.34,62696.84,59434.48,2.07,-4.52,-2624.02,33.86,1.2,2.78,-209.32,-85.25
24.07.2011,62295.68,59227.3,62530.88,58486.41,2.05,4.17,3068.38,29.43,-1.63,-0.5,244.77,-81.96
31.07.2011,56265.52,62731.8,62799.83,55625.45,2.73,-9.68,-6466.28,30.51,-6.31,3.35,-515.83,-89.91
07.08.2011,52188.65,55111.78,55944.61,48600.16,4.52,-7.25,-2923.13,26.39,-1.23,1.9,-233.18,-95.27
14.08.2011,53061.74,52811.5,54853.83,49930.66,2.97,1.67,250.24,26.28,0.55,0.52,19.96,-94.12
21.08.2011,53707.56,51726.14,53927.39,51569.96,2.39,1.22,1981.42,27.9,2.52,-2.07,158.06,-93.27
28.08.2011,55375.28,54124.07,55760.63,53624.99,494.34,3.11,1251.21,25.85,0.87,0.09,99.81,-91.08
04.09.2011,55902.98,54551.66,56979.8,53885.94,2.45,0.95,1351.32,28.7,0.39,2.23,107.8,-90.38
11.09.2011,57896.5,55041.46,58103.6,54518.96,2.37,3.57,2855.04,26.13,-0.49,-0.79,227.75,-87.76
18.09.2011,56323.38,57344.09,61721.84,55682.81,3.51,-2.72,-1020.71,25.63,-7.35,3.3,-81.42,-89.83
25.09.2011,59693.43,55216.41,60110.4,55009.29,2.59,5.98,4477.02,28.5,-1.16,1.31,357.14,-85.39
02.10.2011,57338.78,58906.61,60115.73,56507.83,2.6,-3.94,-1567.83,33.05,3.04,-0.55,-125.07,-88.49
09.10.2011,59300.29,57731.71,59881.16,57391.99,2.29,3.42,1568.58,32.43,8.31,-1.03,125.13,-85.91
16.10.2011,56792.34,59566.82,59958.89,55387.64,2.34,-4.23,-2774.48,34.96,-4.46,0.17,-221.33,-89.21
23.10.2011,57042.36,57023.68,57446.86,55339.26,2.07,0.44,18.68,36.12,0.32,-4.83,1.49,-88.88
30.10.2011,56180.24,56810.95,56955.26,54121.84,2.47,-1.51,-630.71,36.05,1.87,1.31,-50.31,-90.02
06.11.2011,56201.45,54965.82,56391.97,54874.86,769.74,0.04,1235.63,36.05,1.96,0.39,98.57,-89.99
13.11.2011,54473.9,56609.02,56770.67,54344.7,2.03,-3.07,-2135.12,33.45,-5.78,3.15,-170.32,-92.26
20.11.2011,51071.22,54300.73,54506.52,48812.4,2.65,-6.25,-3229.51,32.87,-1.08,2.99,-257.62,-96.75
27.11.2011,54769.25,51575.94,55154.53,51303.34,2.67,7.24,3193.31,35.39,3.33,-2.91,254.74,-91.88
04.12.2011,53834.91,54944.16,55537.56,52655.86,2.07,-1.71,-1109.25,43.3,-1.2,0.66,-88.49,-93.11
11.12.2011,51665.78,53557.49,53885.46,51088.4,2.07,-4.03,-1891.71,46.3,-4.85,2.35,-150.91,-95.96
18.12.2011,51948.62,51450.31,52846.11,50639.56,1.87,0.55,498.31,47.4,4.46,0.7,39.75,-95.59
25.12.2011,51266.62,52235.82,52618.38,51013.4,1.17,-1.31,-969.2,44.69,-0.54,-0.76,-77.32,-96.49
01.01.2012,50182.53,51314.57,52956.73,50007.03,1.97,-2.11,-1132.04,48.7,5.29,-0.39,-90.31,-97.92
08.01.2012,51561.68,50497.76,52792.6,49263.3,2.59,2.75,1063.92,48.81,-2.32,-0.89,84.87,-96.1
15.01.2012,54888.55,51712.14,55056.62,51484.36,3.04,6.45,3176.41,48.25,-0.53,-1.66,253.39,-91.72
22.01.2012,57356.72,54773.24,57581.86,54223.73,3.1,4.5,2583.48,48.82,1.46,-2.91,206.09,-88.47
29.01.2012,60147.96,57053.88,60442.83,56904.88,3.36,4.87,3094.08,51.18,2.8,-1.34,246.82,-84.79
05.02.2012,59332.11,59917.51,61587.57,58988.29,3.16,-1.36,-585.4,52.57,2.38,0.57,-46.7,-85.87
12.02.2012,61111.3,59806.56,61111.3,59147.2,3.07,3.0,1304.74,55.7,1.94,-0.61,104.08,-83.52
19.02.2012,59737.53,61599.03,61778.66,59142.79,3.19,-2.25,-1861.5,57.93,4.93,0.79,-148.5,-85.33
26.02.2012,60902.41,59571.97,61022.05,58378.71,2.79,1.95,1330.44,57.1,-1.45,0.08,106.13,-83.8
04.03.2012,59280.43,60608.84,60608.84,58862.68,2.42,-2.66,-1328.41,58.63,1.88,1.09,-105.97,-85.94
11.03.2012,62336.32,59146.31,62376.89,58778.01,3.07,5.15,3190.01,59.09,-0.13,0.44,254.47,-81.91
18.03.2012,61417.44,62424.34,63015.6,61248.92,3.03,-1.47,-1006.9,64.76,-0.54,0.28,-80.32,-83.12
25.03.2012,62423.04,61139.69,63035.28,61093.44,3.15,1.64,1283.35,63.36,-1.8,-0.97,102.38,-81.8
01.04.2012,60939.55,62598.34,63616.88,60832.01,3.16,-2.38,-1658.79,61.24,0.45,0.6,-132.33,-83.75
08.04.2012,60582.6,60866.9,61246.78,59388.42,2.97,-0.59,-284.3,63.93,-1.3,0.18,-22.68,-84.22
15.04.2012,60122.9,60205.66,61245.32,59695.6,2.56,-0.76,-82.76,68.2,-2.52,-0.24,-6.6,-84.83
22.04.2012,60596.68,59571.57,61076.07,59241.23,2.18,0.79,1025.11,69.06,0.9,-1.75,81.78,-84.2
29.04.2012,59015.69,60794.65,60861.81,58820.1,1.68,-2.61,-1778.96,67.83,-5.55,-0.13,-141.91,-86.28
06.05.2012,58872.62,58248.77,59325.48,58047.71,1.93,-0.24,623.85,66.82,-0.81,1.51,49.77,-86.47
13.05.2012,56935.76,58677.99,58906.66,56404.94,2.16,-3.29,-1742.23,66.29,-4.56,2.89,-138.98,-89.02
20.05.2012,54809.94,57240.13,57484.56,53997.64,2.13,-3.73,-2430.19,62.22,-0.29,0.67,-193.86,-91.82
27.05.2012,55568.37,55091.48,55790.43,54366.31,2.31,1.38,476.89,56.37,-7.86,0.44,38.04,-90.82
03.06.2012,57300.02,55191.67,57365.55,55132.45,2.07,3.12,2108.35,53.71,1.06,-1.79,168.19,-88.54
10.06.2012,58467.79,58243.09,58663.53,57504.82,1.97,2.04,224.7,53.92,-1.87,-0.67,17.92,-87.01
17.06.2012,60451.41,58897.55,60815.43,58145.07,2.14,3.39,1553.86,53.82,-6.79,0.19,123.95,-84.39
24.06.2012,62543.49,59860.96,62543.49,59479.36,2.35,3.46,2682.53,55.94,7.5,-0.29,213.99,-81.64
01.07.2012,62780.58,62310.19,63158.45,61742.34,2.11,0.38,470.39,58.19,0.4,0.51,37.52,-81.33
08.07.2012,62662.16,62725.43,63575.71,62107.6,1.86,-0.19,-63.27,51.81,4.29,-0.42,-5.05,-81.48
15.07.2012,61792.16,62717.15,63019.76,61404.86,1.87,-1.39,-924.99,54.02,4.33,-0.17,-73.79,-82.63
22.07.2012,64372.81,61390.59,64498.27,60466.68,2.12,4.18,2982.22,55.22,-0.34,0.2,237.9,-79.23
29.07.2012,65303.64,64522.86,65444.94,63265.15,2.38,1.45,780.78,59.42,2.32,-1.8,62.28,-78.0
05.08.2012,65126.0,65320.43,66140.92,64022.0,2.11,-0.27,-194.43,56.26,3.68,0.15,-15.51,-78.24
12.08.2012,65758.47,65027.79,65953.69,63739.79,1.66,0.97,730.68,57.26,0.67,1.04,58.29,-77.4
19.08.2012,65654.31,65808.45,66599.17,65517.93,912.64,-0.16,-154.14,57.48,-0.11,-0.12,-12.3,-77.54
26.08.2012,67367.95,65695.22,67367.95,65695.22,1.45,2.61,1672.73,63.09,0.86,1.12,133.44,-75.28
02.09.2012,67937.05,67304.02,68266.42,66709.08,2.21,0.84,633.03,60.43,-0.28,-1.2,50.5,-74.54
09.09.2012,68180.49,68121.96,68540.68,67256.46,2.18,0.36,58.53,65.35,2.11,-0.01,4.67,-74.21
16.09.2012,67891.46,68005.06,68258.67,66473.11,2.19,-0.42,-113.6,80.04,-4.49,-0.12,-9.06,-74.6
23.09.2012,66396.71,67419.16,68001.13,66093.97,2.22,-2.2,-1022.45,81.01,0.87,0.11,-81.56,-76.56
30.09.2012,67383.68,66270.14,67809.44,65639.64,2.39,1.49,1113.54,71.83,-0.33,0.48,88.83,-75.26
07.10.2012,69603.13,67345.61,69969.05,67103.57,2.42,3.29,2257.52,71.26,2.32,0.1,180.09,-72.34
14.10.2012,70774.02,69562.97,70923.16,69277.49,1.93,1.68,1211.05,71.15,-3.91,-0.65,96.61,-70.8
21.10.2012,70708.41,70800.44,71341.96,70531.86,837.42,-0.09,-92.03,69.09,-0.54,0.31,-7.34,-70.89
28.10.2012,71422.61,70676.54,72940.82,70629.47,2.05,1.01,746.07,73.54,-3.53,-0.44,59.52,-69.95
04.11.2012,71820.28,71615.09,73313.87,71092.91,2.9,0.56,205.19,70.31,3.52,-0.08,16.37,-69.42
11.11.2012,70790.51,71818.19,72552.76,70759.68,2.22,-1.43,-1027.68,72.75,-0.41,0.52,-81.98,-70.78
18.11.2012,71004.31,70938.81,71435.5,69817.03,2.7,0.3,65.5,65.18,2.23,-0.35,5.23,-70.5
25.11.2012,73058.51,71183.76,73074.64,71107.93,2.71,2.89,1874.75,63.25,-0.13,-0.38,149.55,-67.79
02.12.2012,76242.2,73125.79,76346.25,73125.79,3.26,4.36,3116.41,62.84,-3.78,0.06,248.6,-63.6
09.12.2012,76293.15,76236.01,77804.38,76047.54,2.92,0.07,57.14,67.21,1.99,-0.53,4.56,-63.53
16.12.2012,76684.74,76382.45,78136.69,76300.76,2.39,0.51,302.29,61.04,-0.16,1.04,24.11,-63.02
23.12.2012,78579.08,76811.17,79077.32,76719.77,2.42,2.47,1767.91,58.29,1.51,-0.45,141.03,-60.52
30.12.2012,79563.95,78541.95,80165.66,77676.06,2.11,1.25,1022.0,60.46,0.62,-0.42,81.53,-59.22
06.01.2013,81033.52,79800.65,81505.03,79674.06,3.55,1.85,1232.87,61.55,-0.6,-0.69,98.35,-57.29
13.01.2013,85004.87,81417.2,85596.65,81229.43,3.67,4.9,3587.67,57.41,1.13,-0.52,286.2,-52.06
20.01.2013,84755.1,85297.46,86787.15,84532.49,3.96,-0.29,-542.36,71.45,1.24,0.41,-43.27,-52.39
27.01.2013,80221.68,84902.67,84905.52,78647.84,3.6,-5.35,-4680.99,76.22,3.07,-1.14,-373.41,-58.36
03.02.2013,78683.99,80413.34,81219.63,77211.22,3.13,-1.92,-1729.35,50.43,1.83,1.38,-137.95,-60.38
10.02.2013,78081.4,78831.9,79301.13,76630.45,2.68,-0.77,-750.5,50.24,-1.04,-0.28,-59.87,-61.18
17.02.2013,75898.69,78419.05,79074.49,75667.54,2.65,-2.8,-2520.36,48.44,-3.03,2.0,-201.05,-64.05
24.02.2013,79867.54,76073.46,79995.13,75634.39,2.68,5.23,3794.08,47.79,-3.24,-0.25,302.66,-58.82
03.03.2013,83541.62,79859.31,83763.78,79823.34,2.71,4.6,3682.31,53.24,0.41,0.4,293.75,-53.99
10.03.2013,83115.48,83519.07,83932.95,81981.58,2.1,-0.51,-403.59,53.73,-0.93,0.09,-32.2,-54.55
17.03.2013,82452.04,82298.04,83929.6,81847.66,1.91,-0.8,154.0,59.18,-1.97,0.46,12.28,-55.42
24.03.2013,85898.99,83032.61,85999.29,82372.19,2.33,4.18,2866.38,61.21,2.19,-0.31,228.66,-50.88
31.03.2013,82071.25,85811.97,86370.94,82071.25,2.34,-4.46,-3740.72,61.04,-5.36,-0.85,-298.41,-55.92
07.04.2013,84581.07,82299.84,84836.25,82033.19,2.31,3.06,2281.23,59.66,-0.97,-0.31,181.98,-52.62
14.04.2013,83285.45,84310.56,85911.17,82323.01,2.47,-1.53,-1025.11,61.97,-3.36,0.65,-81.78,-54.32
21.04.2013,85112.29,83611.26,85573.24,83236.63,1.74,2.19,1501.03,63.62,3.52,-0.13,119.74,-51.92
28.04.2013,89093.7,85325.53,89986.73,84627.58,2.24,4.68,3768.17,64.47,1.0,-0.18,300.59,-46.67
05.05.2013,89568.89,89055.55,91371.7,88759.86,2.66,0.53,513.34,66.8,-0.27,0.39,40.95,-46.05
12.05.2013,91924.84,89367.48,93116.29,88926.83,2.82,2.63,2557.36,63.06,0.7,2.27,204.01,-42.95
19.05.2013,91016.31,92172.88,93398.33,89975.65,2.74,-0.99,-1156.57,59.9,-1.91,0.24,-92.26,-44.14
26.05.2013,85990.01,91169.17,91628.23,84867.35,3.04,-5.52,-5179.16,66.29,-2.19,1.58,-413.15,-50.76
02.06.2013,78332.59,80463.03,82218.48,73033.7,3.75,-8.91,-2130.44,60.93,4.15,-0.14,-169.95,-60.85
09.06.2013,80011.09,76903.34,80048.27,74306.98,3.18,2.14,3107.75,51.5,1.31,-0.75,247.91,-58.64
16.06.2013,73101.76,78596.16,80306.5,72496.59,2.84,-8.64,-5494.4,50.02,-4.74,4.29,-438.3,-67.73
23.06.2013,76294.51,72718.74,77016.03,70093.95,3.05,4.37,3575.77,43.36,1.24,-0.52,285.25,-63.53
30.06.2013,73111.83,76423.8,76965.67,73050.2,2.27,-4.17,-3311.97,43.13,5.44,2.05,-264.2,-67.72
07.07.2013,73921.95,73257.01,73935.79,70409.35,3.02,1.11,664.94,40.44,1.01,-0.8,53.04,-66.65
14.07.2013,75873.99,74275.51,77662.96,74200.44,3.32,2.64,1598.48,36.13,-0.68,-1.76,127.51,-64.08
21.07.2013,72555.0,76181.83,77176.29,72455.21,2.67,-4.37,-3626.83,34.67,-0.83,0.41,-289.32,-68.45
28.07.2013,74032.75,72352.27,74593.37,72070.08,2.37,2.04,1680.48,34.73,1.66,-0.03,134.06,-66.51
04.08.2013,73544.83,74168.92,74896.69,73544.83,760.78,-0.66,-624.09,33.73,-0.67,-0.26,-49.78,-67.15
11.08.2013,74275.43,74264.51,76134.1,73472.43,2.13,0.99,10.92,34.3,2.01,1.26,0.87,-66.19
18.08.2013,67932.32,73693.1,73693.1,67297.09,2.57,-8.54,-5760.78,33.07,0.58,2.22,-459.55,-74.54
25.08.2013,66394.41,68215.41,68947.49,63887.7,2.37,-2.26,-1821.0,28.24,2.67,2.64,-145.26,-76.57
01.09.2013,67232.42,67446.34,68828.63,66212.7,2.38,1.26,-213.92,31.72,1.85,0.3,-17.06,-75.46
08.09.2013,71635.02,67958.36,72778.58,67930.46,3.04,6.55,3676.66,29.8,-2.88,-0.9,293.29,-69.67
15.09.2013,77862.93,73031.14,80569.53,73031.14,3.81,8.69,4831.79,32.88,-3.16,-2.37,385.44,-61.46
22.09.2013,74772.34,77873.82,78127.34,74772.34,2.77,-3.97,-3101.48,38.16,-0.54,2.58,-247.41,-65.53
29.09.2013,76206.97,74341.79,76863.89,73545.18,2.98,1.92,1865.18,41.54,0.76,-2.16,148.79,-63.64
06.10.2013,76176.36,75839.16,76413.06,73809.62,2.33,-0.04,337.2,41.36,1.66,-0.24,26.9,-63.69
13.10.2013,76234.96,76061.85,76414.78,75992.26,109.01,0.08,173.11,48.92,-1.2,-0.69,13.81,-63.61
20.10.2013,79271.5,78160.83,79588.8,77856.13,3.02,3.98,1110.67,45.02,-2.74,0.76,88.6,-59.61
27.10.2013,76501.23,79644.5,80462.89,76387.42,1.97,-3.49,-3143.27,46.95,-0.95,1.69,-250.75,-63.26
03.11.2013,73918.3,76546.39,77099.1,73754.08,2.3,-3.38,-2628.09,48.41,-0.75,1.09,-209.65,-66.66
10.11.2013,74273.24,74155.71,74887.41,70835.67,3.59,0.48,117.53,48.85,3.22,-0.48,9.38,-66.19
17.11.2013,75638.05,74634.14,75874.65,73970.18,2.95,1.84,1003.91,47.5,2.35,-1.16,80.08,-64.39
24.11.2013,75748.27,76483.66,77044.07,74469.61,2.21,0.15,-735.39,47.31,-1.22,0.7,-58.66,-64.25
01.12.2013,73378.44,75896.86,76197.22,71612.49,2.64,-3.13,-2518.42,41.79,1.75,0.27,-200.9,-67.37
08.12.2013,74064.98,74000.4,74950.88,72930.58,2.23,0.94,64.58,43.89,-2.49,0.75,5.15,-66.47
15.12.2013,69572.83,73873.35,74973.76,68184.36,3.99,-6.07,-4300.52,48.84,2.7,2.52,-343.06,-72.38
22.12.2013,63885.22,70138.95,70234.04,61150.17,3.53,-8.18,-6253.73,43.62,0.37,2.84,-498.87,-79.87
29.12.2013,65967.14,65292.37,68705.24,64925.97,2.65,3.26,674.77,40.4,-4.72,1.26,53.83,-77.13
05.01.2014,67912.11,66281.5,68959.19,65742.31,3.41,2.95,1630.61,37.0,0.34,-0.62,130.08,-74.57
12.01.2014,65635.03,68389.73,68691.29,65635.03,3.0,-3.35,-2754.7,30.04,-0.72,3.08,-219.75,-77.57
19.01.2014,64427.52,64895.65,67450.72,63271.64,3.28,-1.84,-468.13,30.51,1.31,4.47,-37.34,-79.16
26.01.2014,61858.21,64360.15,65546.61,60753.53,3.96,-3.99,-2501.94,31.7,-1.37,-3.03,-199.58,-82.54
02.02.2014,64614.34,62165.85,64924.31,60848.52,3.4,4.46,2448.49,29.04,2.98,-1.8,195.32,-78.91
09.02.2014,64882.91,64350.89,65048.25,63572.24,2.79,0.42,532.02,35.07,-0.45,-1.75,42.44,-78.56
16.02.2014,63885.62,65437.15,65915.73,62705.15,2.62,-1.54,-1551.53,30.25,0.71,-0.11,-123.77,-79.87
23.02.2014,62553.32,64036.67,64377.31,61141.72,2.41,-2.09,-1483.35,31.54,-0.71,1.4,-118.33,-81.63
02.03.2014,63095.99,61654.54,64174.18,61166.36,2.22,0.87,1441.45,32.45,-0.06,-0.17,114.99,-80.91
09.03.2014,63278.93,62791.03,64126.72,62139.6,2.45,0.29,487.9,33.03,-0.39,0.34,38.92,-80.67
16.03.2014,64579.37,63761.05,66023.08,63761.05,2.49,2.06,818.32,30.65,-1.52,0.93,65.28,-78.96
23.03.2014,69117.32,64755.35,69318.49,63710.45,3.54,7.03,4361.97,33.56,1.08,-1.91,347.96,-72.98
30.03.2014,72582.86,70464.73,72683.23,68721.04,4.43,5.01,2118.13,39.04,-1.25,-3.53,168.97,-68.42
06.04.2014,72736.33,72140.47,73961.93,72032.77,3.0,0.21,595.86,43.1,0.57,-0.03,47.53,-68.22
13.04.2014,73476.01,72578.21,74441.8,71989.74,3.06,1.02,897.8,43.16,2.05,0.79,71.62,-67.24
20.04.2014,71388.74,73562.2,73702.59,71286.02,2.03,-2.84,-2173.46,49.46,0.05,0.21,-173.38,-69.99
27.04.2014,75159.06,71615.84,75430.77,71166.64,2.58,5.28,3543.22,48.25,-0.9,-1.42,282.65,-65.02
04.05.2014,75562.95,75343.71,76106.31,74416.11,2.97,0.54,219.24,50.54,-0.64,-1.26,17.49,-64.49
11.05.2014,75009.31,76051.19,76768.63,74570.48,2.63,-0.73,-1041.88,50.12,1.72,1.08,-83.11,-65.22
18.05.2014,78060.64,75310.8,78452.69,74655.43,2.38,4.07,2749.84,52.48,0.72,-0.86,219.36,-61.2
25.05.2014,79289.8,77946.65,79999.34,77269.8,3.06,1.57,1343.15,59.14,-1.02,0.73,107.15,-59.59
01.06.2014,80397.55,79648.43,80637.03,78217.72,2.94,1.4,749.12,56.77,-0.73,-0.91,59.76,-58.13
08.06.2014,79011.62,80860.88,81915.44,77855.06,3.53,-1.72,-1849.26,57.61,4.42,2.18,-147.52,-59.95
15.06.2014,78400.69,78202.76,79431.24,77443.76,2.54,-0.77,197.93,57.0,1.23,0.81,15.79,-60.76
22.06.2014,78472.38,78752.44,80057.47,77756.66,2.09,0.09,-280.06,61.75,-1.32,-0.83,-22.34,-60.66
29.06.2014,77534.77,78764.32,79263.79,76056.23,2.39,-1.19,-1229.55,61.11,-2.35,0.48,-98.08,-61.9
06.07.2014,79364.43,77381.03,79837.02,77255.09,2.52,2.36,1983.4,63.94,-3.6,-0.72,158.22,-59.49
13.07.2014,82314.53,79809.04,82492.19,79669.84,2.66,3.72,2505.49,64.18,0.54,0.34,199.87,-55.6
20.07.2014,84218.02,82692.66,84289.65,82164.72,2.74,2.31,1525.36,61.31,1.07,-1.45,121.68,-53.1
27.07.2014,82093.94,83918.79,84356.42,80915.18,1.18,-2.52,-1824.85,58.59,-3.28,1.89,-145.57,-55.89
03.08.2014,79199.41,82416.86,82988.29,77751.04,2.92,-3.53,-3217.45,57.86,0.17,0.54,-256.66,-59.7
10.08.2014,76692.07,80427.19,80483.42,76625.89,3.07,-3.17,-3735.12,55.52,-1.42,1.03,-297.96,-63.01
17.08.2014,78929.59,77176.63,79525.34,76539.6,2.89,2.92,1752.96,54.91,-1.2,0.39,139.84,-60.06
24.08.2014,80312.94,79172.79,81611.46,78922.99,2.32,1.75,1140.15,51.99,0.88,-0.53,90.95,-58.24
31.08.2014,82193.1,80455.28,82347.69,80178.8,2.52,2.34,1737.82,53.53,-2.3,-0.23,138.63,-55.76
07.09.2014,77820.83,82392.32,82628.16,77703.56,2.82,-5.32,-4571.49,51.17,-3.68,2.96,-364.68,-61.52
14.09.2014,76921.94,77685.96,79405.83,76921.94,2.72,-1.16,-764.02,44.07,1.32,0.53,-60.95,-62.7
21.09.2014,74632.42,76947.14,77803.32,73846.78,2.87,-2.98,-2314.72,46.57,-1.41,1.24,-184.65,-65.72
28.09.2014,74384.37,74602.22,75209.53,73539.88,2.52,-0.33,-217.85,47.11,-4.84,1.41,-17.38,-66.05
05.10.2014,73494.06,73363.49,75353.38,72612.18,1.94,-1.2,130.57,48.71,-2.27,-0.25,10.42,-67.22
12.10.2014,75533.29,73790.62,75977.11,73724.08,3.84,2.77,1742.67,48.2,-4.49,-1.85,139.02,-64.53
19.10.2014,79417.13,76173.21,79952.38,75846.81,3.55,5.14,3243.92,52.19,-0.03,-0.65,258.77,-59.42
26.10.2014,80579.66,79782.99,81146.99,78543.61,2.35,1.46,796.67,53.56,-0.31,-0.33,63.55,-57.89
02.11.2014,77957.75,80555.7,80987.59,77133.08,3.79,-3.25,-2597.95,52.58,-2.88,1.53,-207.24,-61.34
09.11.2014,81211.55,78346.16,81503.91,77636.05,3.68,4.17,2865.39,50.6,-4.77,-1.26,228.58,-57.05
16.11.2014,83281.8,81352.71,83471.01,80456.31,4.02,2.55,1929.09,52.97,1.2,-0.35,153.89,-54.33
23.11.2014,86168.66,83115.93,87048.14,82557.77,3.9,3.47,3052.73,52.45,-12.71,-0.1,243.52,-50.53
30.11.2014,85239.92,86214.06,87010.15,84543.99,3.9,-1.08,-974.14,54.28,-1.54,1.87,-77.71,-51.75
07.12.2014,83226.38,85334.18,85543.04,83061.9,3.28,-2.36,-2107.8,57.43,-10.45,1.68,-168.14,-54.4
14.12.2014,83573.55,82940.24,83794.26,78844.01,3.83,0.42,633.31,57.22,-0.76,0.57,50.52,-53.94
21.12.2014,84947.31,83600.42,85433.91,83343.55,2.15,1.64,1346.89,55.8,-3.14,0.23,107.44,-52.13
28.12.2014,85458.92,84758.24,85850.63,83587.15,1.59,0.6,700.68,55.01,-5.1,1.15,55.89,-51.46
04.01.2015,87648.35,85495.31,88326.79,85411.37,3.58,2.56,2153.04,58.3,-11.18,-2.1,171.75,-48.58
11.01.2015,87416.4,87917.41,88738.83,86862.51,3.54,-0.26,-501.01,57.04,0.12,1.22,-39.97,-48.88
18.01.2015,90736.05,87696.58,91585.11,87584.91,3.39,3.8,3039.47,63.68,-2.75,1.09,242.46,-44.51
25.01.2015,88945.82,90549.11,91805.74,88045.33,3.03,-1.97,-1603.29,61.45,8.61,4.18,-127.9,-46.87
01.02.2015,84987.42,89144.83,90048.2,84909.96,3.45,-4.45,-4157.41,59.29,9.08,1.12,-331.65,-52.08
08.02.2015,85809.25,85008.66,86357.19,82975.25,3.85,0.97,800.59,53.67,6.44,-0.64,63.86,-51.0
15.02.2015,85488.89,86144.69,86572.42,84151.59,2.99,-0.37,-655.8,49.27,-2.11,-0.22,-52.31,-51.42
22.02.2015,84147.51,85486.78,87847.19,83784.59,3.72,-1.57,-1339.27,53.32,3.92,2.29,-106.84,-53.19
01.03.2015,80310.16,84405.29,84674.44,80014.41,3.66,-4.56,-4095.13,56.55,-4.55,4.61,-326.68,-58.24
08.03.2015,76642.13,81206.98,81756.73,76642.13,3.76,-4.57,-4564.85,49.07,-8.47,0.58,-364.15,-63.07
15.03.2015,82506.35,77676.66,82731.79,77178.28,3.45,7.65,4829.69,44.95,1.19,-2.53,385.27,-55.35
22.03.2015,80894.15,82569.54,83768.48,80233.93,3.31,-1.95,-1675.39,51.7,1.97,1.45,-133.65,-57.47
29.03.2015,82994.31,80876.34,83047.26,80464.33,2.74,2.6,2117.97,50.69,-2.59,-1.47,168.95,-54.71
05.04.2015,82645.75,82343.9,83786.17,81894.41,3.07,-0.42,301.85,50.68,5.31,2.21,24.08,-55.17
12.04.2015,82417.73,82631.25,83339.33,80703.99,3.68,-0.28,-213.52,55.88,9.64,1.88,-17.03,-55.47
19.04.2015,85551.31,82831.16,85579.78,81826.23,2.94,3.8,2720.15,59.76,2.88,1.35,216.99,-51.34
26.04.2015,83947.04,85689.39,86754.56,83947.04,2.95,-1.88,-1742.35,63.59,1.81,-0.24,-138.99,-53.45
03.05.2015,84059.89,83880.82,84605.65,81754.47,3.0,0.13,179.07,65.01,-1.61,-0.47,14.28,-53.3
10.05.2015,87604.89,84161.75,87995.74,84161.75,3.59,4.22,3443.14,58.92,2.17,-4.43,274.67,-48.64
17.05.2015,85803.92,87640.44,88651.88,85717.13,2.66,-2.06,-1836.52,59.45,-2.16,0.9,-146.5,-51.01
24.05.2015,82981.15,85705.37,85788.1,82586.27,2.86,-3.29,-2724.22,59.35,0.29,2.46,-217.32,-54.72
31.05.2015,81943.42,82769.03,83411.64,80341.48,3.2,-1.25,-825.61,60.64,-3.43,-0.03,-65.86,-56.09
07.06.2015,80532.51,75268.15,81170.24,75268.15,3.77,-1.72,5264.36,64.58,0.88,1.9,419.95,-57.95
14.06.2015,82454.38,80547.55,82781.34,78951.38,2.78,2.39,1906.83,63.22,-1.33,-0.65,152.11,-55.42
21.06.2015,83546.06,82913.98,84529.26,82678.83,3.01,1.32,632.08,61.19,0.38,-1.12,50.42,-53.98
28.06.2015,81216.98,82356.58,82939.86,80978.33,2.47,-2.79,-1139.6,62.0,-4.65,0.89,-90.91,-57.05
05.07.2015,82791.85,80988.06,83396.33,80238.7,2.52,1.94,1803.79,64.51,-2.64,-0.81,143.89,-54.97
12.07.2015,82789.78,82809.82,84192.88,82488.3,1.87,-0.0,-20.04,57.41,-2.78,-0.53,-1.6,-54.98
19.07.2015,78712.07,82813.58,82894.5,77726.17,2.79,-4.93,-4101.51,60.63,-4.34,3.21,-327.19,-60.35
26.07.2015,79909.68,78724.77,79909.68,77230.1,2.65,1.52,1184.91,55.26,-4.41,1.22,94.52,-58.77
02.08.2015,78427.06,79879.67,79879.67,77714.37,2.2,-1.86,-1452.61,51.98,-6.9,0.33,-115.88,-60.72
09.08.2015,77308.95,78592.0,79908.65,75802.3,2.5,-1.43,-1283.05,49.9,0.86,1.94,-102.35,-62.19
16.08.2015,73797.77,77357.71,77569.71,73520.06,2.42,-4.54,-3559.94,47.51,-7.28,2.99,-283.98,-66.82
23.08.2015,74641.6,72638.68,75157.89,69797.4,2.61,1.14,2002.92,44.58,10.1,0.17,159.78,-65.71
30.08.2015,72950.11,74549.23,75320.7,72896.43,2.3,-2.27,-1599.12,46.66,-0.88,2.86,-127.57,-67.93
06.09.2015,71350.87,72435.48,72895.52,71263.32,1.85,-2.19,-1084.61,41.16,-2.96,1.3,-86.52,-70.04
13.09.2015,75099.03,71625.57,75102.09,71050.41,2.65,5.25,3473.46,41.04,-1.39,-1.36,277.09,-65.1
20.09.2015,74610.2,74879.84,76189.52,74524.74,1.14,-0.65,-269.64,49.58,2.38,1.38,-21.51,-65.75
27.09.2015,74396.65,74759.47,75128.26,72638.09,2.67,-0.29,-362.82,50.24,-0.97,-1.84,-28.94,-66.03
04.10.2015,79214.93,75312.53,79616.1,75312.53,3.81,6.48,3902.4,51.89,9.39,-2.63,311.3,-59.68
11.10.2015,78483.55,78547.45,80383.05,77889.5,3.22,-0.92,-63.9,58.41,-4.16,-0.69,-5.1,-60.65
18.10.2015,80124.84,78845.95,81066.72,78845.95,3.52,2.09,1278.89,62.16,-4.89,0.56,102.02,-58.49
25.10.2015,79409.0,80172.36,80403.05,77585.44,1.99,-0.89,-763.36,61.67,3.27,0.25,-60.89,-59.43
01.11.2015,81930.21,83653.72,84354.08,81718.47,4.06,3.17,-1723.51,64.48,-4.32,0.0,-137.49,-56.11
08.11.2015,81878.75,82000.37,82622.2,81174.1,2.81,-0.06,-121.62,62.12,-8.03,-1.77,-9.7,-56.18
15.11.2015,80681.67,81580.64,81857.53,80185.7,2.46,-1.46,-898.97,68.44,2.41,-1.12,-71.71,-57.75
22.11.2015,75638.43,80652.61,80784.15,74824.0,3.59,-6.25,-5014.18,70.66,0.45,3.28,-399.99,-64.39
29.11.2015,74265.3,75638.43,77766.72,73370.84,3.35,-1.82,-1373.13,65.56,-4.15,-1.01,-109.54,-66.2
06.12.2015,70280.34,74265.3,75237.06,70280.34,3.59,-5.37,-3984.96,65.15,-11.79,2.99,-317.89,-71.45
13.12.2015,72460.35,70280.34,74178.78,69190.95,3.98,3.1,2180.01,64.27,-2.77,-2.45,173.9,-68.58
20.12.2015,74189.53,72460.35,74498.61,72220.54,2.76,2.39,1729.18,66.6,2.74,0.49,137.94,-66.3
27.12.2015,71726.99,74189.53,74953.61,71433.59,1.97,-3.32,-2462.54,65.31,-1.61,-0.31,-196.44,-69.54
03.01.2016,70613.2,71726.99,72131.92,69395.82,3.58,-1.55,-1113.79,64.05,-10.01,3.69,-88.85,-71.01
10.01.2016,71062.0,70397.28,73010.85,70111.51,3.89,0.64,664.72,62.67,-13.74,0.89,53.03,-70.42
17.01.2016,70243.91,71463.6,71827.39,68230.47,3.56,-1.15,-1219.69,57.59,11.2,-1.46,-97.3,-71.5
24.01.2016,73481.09,70761.85,73506.6,69925.09,3.53,4.61,2719.24,56.65,7.96,-1.61,216.92,-67.23
31.01.2016,74203.54,73496.15,74767.42,72015.18,3.64,0.98,707.39,53.92,-1.96,-1.09,56.43,-66.28
07.02.2016,70937.4,74457.35,74656.23,69889.81,3.97,-4.4,-3519.95,49.96,-2.06,0.22,-280.79,-70.58
14.02.2016,73015.42,71275.31,73455.61,69436.07,3.54,2.93,1740.11,48.58,-1.05,0.75,138.81,-67.85
21.02.2016,74929.02,73656.62,76017.39,73566.4,3.91,2.62,1272.4,47.44,6.33,1.39,101.5,-65.33
28.02.2016,77191.14,74709.59,77527.33,74423.81,3.55,3.02,2481.55,46.66,10.31,-2.82,197.96,-62.35
06.03.2016,79380.18,77349.55,79674.05,77150.42,4.0,2.84,2030.63,44.49,4.31,-1.42,161.99,-59.47
13.03.2016,82943.44,79203.09,82943.44,78419.53,3.91,4.49,3740.35,42.99,2.01,0.02,298.38,-54.77
20.03.2016,81356.45,82775.57,83523.69,80121.03,3.91,-1.91,-1419.12,48.48,-1.84,0.3,-113.21,-56.86
27.03.2016,82359.44,81494.08,83446.84,80873.1,3.08,1.23,865.36,48.35,-4.38,-1.88,69.03,-55.54
03.04.2016,82502.11,82762.54,83872.91,80884.03,3.56,0.17,-260.43,51.54,8.46,0.96,-20.78,-55.35
10.04.2016,85573.25,82630.54,86254.5,82301.42,4.4,3.72,2942.71,48.86,2.77,0.19,234.75,-51.31
17.04.2016,85828.66,85180.38,86931.34,84997.66,3.74,0.3,648.28,50.11,4.66,-0.2,51.71,-50.97
24.04.2016,85327.8,85573.44,86121.04,84763.17,3.02,-0.58,-245.64,50.48,6.69,-1.87,-19.6,-51.63
01.05.2016,78368.06,85241.69,85268.59,77209.05,4.27,-8.16,-6873.63,53.32,-5.73,4.71,-548.32,-60.8
08.05.2016,77808.43,79031.71,79736.95,77586.12,3.26,-0.71,-1223.28,43.02,5.42,1.47,-97.58,-61.54
15.05.2016,76357.74,77959.97,78201.25,76302.44,2.45,-1.86,-1602.23,43.7,1.86,0.2,-127.81,-63.45
22.05.2016,78028.9,76533.5,79941.01,76207.57,3.32,2.19,1495.4,43.16,1.23,-0.63,119.29,-61.25
29.05.2016,78139.49,77948.05,79105.57,76233.8,2.7,0.14,191.44,44.46,0.65,-1.85,15.27,-61.1
05.06.2016,76887.29,78520.97,79419.71,76723.22,2.81,-1.6,-1633.68,44.85,1.81,0.91,-130.32,-62.75
12.06.2016,75430.53,76468.27,76615.61,74671.68,2.73,-1.89,-1037.74,45.62,-2.71,-0.07,-82.78,-64.67
19.06.2016,75366.0,76446.18,78350.76,74016.71,2.8,-0.09,-1080.18,45.73,-1.55,0.08,-86.17,-64.75
26.06.2016,77952.11,75458.45,77952.11,74881.89,3.09,3.43,2493.66,47.3,4.01,-0.94,198.92,-61.35
03.07.2016,78019.48,78120.41,78387.7,77649.86,635.36,0.09,-100.93,48.26,-7.13,-0.37,-8.05,-61.26
10.07.2016,82825.36,78626.07,82825.36,78626.07,3.3,6.16,4199.29,40.15,1.82,4.44,334.99,-54.93
17.07.2016,71738.43,80755.89,81110.29,70426.16,5.07,-13.39,-9017.46,47.66,-4.03,1.5,-719.34,-69.53
24.07.2016,75405.53,72422.65,75924.32,72395.4,3.37,5.11,2982.88,36.42,-7.07,-2.5,237.95,-64.7
31.07.2016,76065.69,76227.87,76843.26,74142.01,3.29,0.88,-162.18,42.78,4.26,0.35,-12.94,-63.83
07.08.2016,78228.56,77413.6,79366.59,76980.66,3.69,2.84,814.96,39.29,6.1,-1.31,65.01,-60.98
14.08.2016,78145.59,78719.3,79041.41,77274.08,2.56,-0.11,-573.71,42.43,8.32,-1.02,-45.77,-61.09
21.08.2016,77119.65,77715.59,78292.83,75113.56,3.08,-1.31,-595.94,42.84,-1.89,0.84,-47.54,-62.44
28.08.2016,76884.32,76746.86,76975.47,75730.88,1.96,-0.31,137.46,49.86,-6.19,-0.1,10.97,-62.75
04.09.2016,77053.54,77332.79,78293.82,77020.83,2.65,0.22,-279.25,50.34,2.52,0.41,-22.28,-62.53
11.09.2016,76020.29,77141.68,77255.42,76010.4,573.93,-1.34,-1121.39,46.69,-4.67,0.6,-89.46,-63.89
18.09.2016,79756.44,76512.0,80087.06,76512.0,3.54,4.91,3244.44,48.5,0.26,-0.46,258.82,-58.97
25.09.2016,76488.38,76243.51,77857.31,76148.33,3.51,-4.1,244.87,54.12,6.91,1.08,19.53,-63.27
02.10.2016,77975.99,76924.12,78605.55,76484.84,3.72,1.94,1051.87,51.19,5.85,1.73,83.91,-61.32
09.10.2016,77554.21,78296.85,78506.06,76612.52,4.09,-0.54,-742.64,49.07,0.04,1.29,-59.24,-61.87
16.10.2016,78843.66,77418.46,79541.38,76991.21,3.6,1.66,1425.2,48.53,-0.33,-0.29,113.69,-60.17
23.10.2016,78332.87,79242.08,80290.93,78071.36,3.06,-0.65,-909.21,46.74,-4.0,0.83,-72.53,-60.85
30.10.2016,74267.17,78558.95,78957.0,74238.81,3.36,-5.19,-4291.78,52.17,-8.31,1.61,-342.36,-66.2
06.11.2016,75174.17,75201.51,77108.02,74509.21,4.11,1.22,-27.34,45.59,-1.82,3.02,-2.18,-65.0
13.11.2016,75638.96,75397.12,75783.93,74292.46,3.22,0.62,241.84,58.09,4.72,3.79,19.29,-64.39
20.11.2016,74363.45,75880.58,76215.84,73752.67,3.22,-1.69,-1517.13,51.33,0.81,2.12,-121.02,-66.07
27.11.2016,73390.94,74999.68,75332.99,71792.96,3.36,-1.31,-1608.74,53.08,15.28,2.09,-128.33,-67.35
04.12.2016,75727.28,73068.65,76458.51,73014.12,3.43,3.18,2658.63,51.56,-0.24,-0.91,212.08,-64.28
11.12.2016,77589.65,75347.13,77904.15,74908.89,3.16,2.46,2242.52,51.82,1.62,0.57,178.89,-61.82
18.12.2016,76972.15,77741.44,78203.47,76883.74,2.51,-0.8,-769.29,51.72,-0.09,0.29,-61.37,-62.64
25.12.2016,78138.66,77086.0,78371.86,76514.26,1.76,1.52,1052.66,50.93,3.01,0.31,83.97,-61.1
01.01.2017,77106.57,77907.2,77969.07,75656.75,2.95,-1.32,-800.63,52.85,0.49,3.31,-63.87,-62.46
08.01.2017,81524.32,76786.9,81642.15,76636.38,4.71,5.73,4737.42,52.88,-2.89,2.15,377.91,-56.64
15.01.2017,83067.15,81662.45,83317.74,81345.0,4.48,1.89,1404.7,54.02,0.07,1.14,112.06,-54.61
22.01.2017,83827.39,83429.51,84278.03,82811.15,4.04,0.92,397.88,57.76,0.05,2.97,31.74,-53.61
29.01.2017,88389.5,83670.05,88389.5,83650.45,5.08,5.44,4719.45,56.49,2.32,-4.64,376.48,-47.6
05.02.2017,87473.33,89121.97,89537.82,86877.27,4.91,-1.04,-1648.64,57.43,-0.19,-0.06,-131.52,-48.81
12.02.2017,88830.41,87731.52,88998.41,87504.69,3.81,1.55,1098.89,59.83,-1.57,-1.79,87.66,-47.02
19.02.2017,88258.45,89458.72,89583.28,87467.14,3.35,-0.64,-1200.27,56.46,0.32,-0.61,-95.75,-47.77
26.02.2017,89722.05,88416.68,90043.28,87244.99,3.98,1.66,1305.37,68.4,-0.16,2.66,104.13,-45.85
05.03.2017,89611.4,90065.15,91437.77,88648.56,3.7,-0.12,-453.75,68.78,-8.1,0.73,-36.2,-45.99
12.03.2017,90491.39,89550.55,90843.67,88921.13,3.32,0.98,940.84,73.24,0.76,-2.56,75.05,-44.83
19.03.2017,90382.71,90261.59,91497.0,89277.36,3.6,-0.12,121.12,74.4,-1.85,-0.65,9.66,-44.98
26.03.2017,88947.4,90290.67,90390.33,88818.56,3.23,-1.59,-1343.27,79.0,4.0,0.68,-107.16,-46.87
02.04.2017,88497.33,89020.47,89069.69,87997.7,2.8,-0.51,-523.14,75.37,4.56,2.61,-41.73,-47.46
09.04.2017,90063.69,88765.78,91832.03,88730.81,3.73,1.77,1297.91,76.23,1.18,0.08,103.54,-45.4
16.04.2017,92423.93,90731.33,92909.3,90052.4,3.93,2.62,1692.6,75.76,-7.03,-2.48,135.02,-42.29
23.04.2017,94655.31,92920.01,95196.45,92770.72,4.21,2.41,1735.3,76.67,-0.44,-2.43,138.43,-39.35
30.04.2017,93928.39,94994.04,95358.76,92999.81,3.03,-0.77,-1065.65,78.84,-5.08,-0.21,-85.01,-40.31
07.05.2017,94996.35,94332.63,96491.03,93673.29,4.33,1.14,663.72,75.75,3.54,0.82,52.95,-38.9
14.05.2017,95147.34,95569.29,96629.15,94363.65,3.58,0.16,-421.95,75.01,5.45,0.06,-33.66,-38.7
21.05.2017,97533.28,95855.32,98794.9,95855.32,5.14,2.51,1677.96,74.22,-2.72,0.07,133.85,-35.56
28.05.2017,98867.9,97695.45,98867.9,96925.86,3.97,1.37,1172.45,70.62,-4.22,-1.9,93.53,-33.8
04.06.2017,98942.87,99150.46,99278.08,97469.8,4.34,0.08,-207.59,72.12,-3.6,0.78,-16.56,-33.7
11.06.2017,98192.55,98915.05,100000.79,97930.19,4.28,-0.76,-722.5,70.17,-1.62,-0.98,-57.64,-34.69
18.06.2017,99638.65,98735.95,100265.64,98723.17,3.49,1.47,902.7,69.5,-3.86,0.17,72.01,-32.79
25.06.2017,100440.39,99439.14,100990.54,99418.58,2.39,0.8,1001.25,69.23,5.23,0.35,79.87,-31.73
02.07.2017,100084.37,100639.31,101415.68,100084.37,3.8,-0.35,-554.94,64.98,-2.53,2.75,-44.27,-32.2
09.07.2017,105175.73,100589.08,105199.7,100589.08,4.32,5.09,4586.65,67.71,4.71,-2.21,365.89,-25.5
16.07.2017,106842.79,105362.44,107749.8,105197.99,4.31,1.59,1480.35,68.92,-1.74,-0.05,118.09,-23.3
23.07.2017,107699.72,107212.89,108605.51,106574.94,4.58,0.8,486.83,74.56,9.28,-0.24,38.84,-22.17
30.07.2017,108545.31,107920.55,108648.59,105975.96,4.54,0.79,624.76,72.81,-0.19,0.0,49.84,-21.06
06.08.2017,106963.1,109105.09,110321.81,106075.51,5.27,-1.46,-2141.99,71.89,-0.61,0.25,-170.87,-23.14
13.08.2017,107202.43,107906.98,110232.52,104939.35,6.96,0.22,-704.55,64.51,1.19,-0.52,-56.2,-22.83
20.08.2017,109755.14,107234.84,110229.95,106800.3,5.0,2.38,2520.3,61.52,-0.59,-2.26,201.05,-19.47
27.08.2017,110010.49,110175.25,110530.75,109444.68,2.0,0.23,-164.76,62.3,0.65,-0.31,-13.14,-19.13
03.09.2017,108451.7,110349.12,110439.71,108117.35,4.58,-1.42,-1897.42,61.1,1.95,-0.49,-151.36,-21.18
10.09.2017,107741.7,109029.29,109865.22,107448.99,5.13,-0.65,-1287.59,59.15,3.42,0.76,-102.71,-22.12
17.09.2017,104122.85,108016.93,108073.9,103411.76,4.33,-3.36,-3894.08,59.21,2.23,1.7,-310.64,-26.88
24.09.2017,102907.73,103676.77,104136.81,100987.15,4.5,-1.17,-769.04,50.22,1.2,1.93,-61.35,-28.48
01.10.2017,104137.48,102934.43,105047.74,102883.46,4.42,1.2,1203.05,53.14,-3.34,1.44,95.97,-26.86
08.10.2017,106225.69,100324.38,106598.53,99210.33,4.78,2.01,5901.31,50.97,2.79,0.55,470.76,-24.11
15.10.2017,108488.69,106554.6,109273.03,106088.29,4.37,2.13,1934.09,51.88,1.01,1.0,154.29,-21.13
22.10.2017,107884.03,108167.46,108847.46,106932.14,4.23,-0.56,-283.43,53.98,4.66,3.19,-22.61,-21.93
29.10.2017,111292.78,108781.76,114539.84,108294.5,7.32,3.16,2511.02,53.37,2.7,2.58,200.31,-17.44
05.11.2017,108949.35,111914.24,115093.34,108712.63,5.95,-2.11,-2964.89,50.25,2.34,-0.59,-236.52,-20.53
12.11.2017,106239.46,109638.06,110705.28,105624.3,5.29,-2.49,-3398.6,48.36,-1.26,0.35,-271.11,-24.1
19.11.2017,104539.41,106399.34,106946.86,103016.49,4.81,-1.6,-1859.93,47.83,1.82,1.71,-148.37,-26.33
26.11.2017,103558.98,104787.4,106180.68,101490.73,4.76,-0.94,-1228.42,49.57,-0.2,-0.78,-97.99,-27.63
03.12.2017,107921.34,103350.58,108182.2,103350.58,4.43,4.21,4570.76,50.46,-0.52,-1.9,364.62,-21.88
10.12.2017,109330.17,108788.52,110050.72,107851.65,4.7,1.31,541.65,57.94,-0.27,0.6,43.21,-20.03
17.12.2017,111099.47,109812.25,112156.74,109628.27,5.05,1.62,1287.22,56.16,3.19,-1.19,102.68,-17.7
24.12.2017,115333.01,111705.21,115840.17,111391.49,3.87,3.81,3627.8,58.44,2.48,-0.67,289.4,-12.12
31.12.2017,116637.94,115734.5,118395.13,115152.31,5.94,1.13,903.44,60.16,1.12,-1.41,72.07,-10.4
07.01.2018,114644.62,117514.33,117783.7,112884.4,6.14,-1.71,-2869.71,56.69,3.33,0.31,-228.92,-13.03
14.01.2018,115147.06,114286.27,117758.87,111107.44,7.52,0.44,860.79,60.21,-1.8,1.55,68.67,-12.37
21.01.2018,120701.92,115639.18,120701.92,115288.81,6.61,4.82,5062.74,57.27,2.78,-1.36,403.87,-5.05
28.01.2018,118119.4,121341.2,121531.5,117792.69,5.71,-2.14,-3221.8,61.11,-2.75,0.5,-257.01,-8.45
04.02.2018,113590.27,117724.57,118121.16,112503.82,5.51,-3.83,-4134.3,60.38,-8.44,1.3,-329.8,-14.42
11.02.2018,116510.97,114593.06,117517.62,113248.77,4.54,2.57,1917.91,57.13,3.26,-1.97,153.0,-10.57
18.02.2018,117521.5,117074.69,117854.17,113267.97,4.68,0.87,446.81,54.77,3.81,1.15,35.64,-9.24
25.02.2018,116859.19,118294.74,119245.29,116265.23,4.79,-0.56,-1435.55,52.17,-4.37,0.44,-114.52,-10.11
04.03.2018,116914.52,117033.0,117720.2,115929.73,4.14,0.05,-118.48,54.91,1.74,0.11,-9.45,-10.04
11.03.2018,117216.28,117703.96,118978.24,116829.39,5.0,0.26,-487.68,53.69,1.1,2.85,-38.9,-9.64
18.03.2018,116602.82,117175.22,118589.72,115082.91,5.92,-0.52,-572.4,51.08,6.4,1.6,-45.66,-10.45
25.03.2018,114930.22,117125.86,117787.79,113426.21,6.77,-1.43,-2195.64,52.25,-0.26,-0.68,-175.15,-12.65
01.04.2018,114737.54,115216.63,115390.46,113281.87,5.03,-0.17,-479.09,49.85,-4.5,2.27,-38.22,-12.9
08.04.2018,109604.01,115425.57,115465.01,106624.09,6.04,-4.47,-5821.56,53.89,8.15,1.29,-464.4,-19.66
15.04.2018,110932.48,109860.89,112406.55,107439.14,6.12,1.21,1071.59,48.47,2.04,-0.5,85.48,-17.92
22.04.2018,107614.27,110630.37,110851.33,106277.96,3.91,-2.99,-3016.1,43.35,0.78,-0.84,-240.6,-22.28
29.04.2018,102599.22,107940.24,108170.76,101548.55,4.31,-4.66,-5341.02,42.44,0.31,4.55,-426.06,-28.89
06.05.2018,101852.48,102575.19,102877.36,97849.2,5.28,-0.73,-722.71,38.75,3.01,2.07,-57.65,-29.87
13.05.2018,102410.3,101738.2,103762.98,100654.84,4.67,0.55,672.1,43.12,1.8,4.13,53.61,-29.14
20.05.2018,103200.08,102166.51,103769.84,100888.77,5.21,0.77,1033.57,29.93,-2.64,4.82,82.45,-28.1
27.05.2018,99171.21,104481.11,106525.25,97990.64,5.62,-3.9,-5309.9,29.43,0.46,-1.22,-423.58,-33.4
03.06.2018,95875.71,99264.37,100510.33,95126.49,5.17,-3.32,-3388.66,29.36,-0.43,-3.8,-270.32,-37.74
10.06.2018,94540.84,95922.27,97186.54,92750.94,3.44,-1.39,-1381.43,21.37,-3.95,5.72,-110.2,-39.5
17.06.2018,95852.11,94235.9,96186.76,92288.59,4.12,1.39,1616.21,20.56,2.87,-1.12,128.93,-37.77
24.06.2018,96520.07,99255.76,99394.05,93365.45,6.05,0.7,-2735.69,23.02,5.15,-1.93,-218.23,-36.89
01.07.2018,98733.89,96094.44,99806.42,95654.92,5.21,2.29,2639.45,25.65,-2.93,-0.37,210.55,-33.98
08.07.2018,89897.67,99596.1,100807.75,88168.89,7.67,-8.95,-9698.43,32.81,-2.31,6.23,-773.66,-45.62
15.07.2018,94082.34,90683.46,94169.41,89165.56,6.19,4.65,3398.88,26.46,-3.0,-1.29,271.14,-40.1
22.07.2018,95584.84,94173.46,96680.76,91722.71,7.11,1.6,1411.38,32.71,1.67,1.26,112.59,-38.13
29.07.2018,95610.48,95340.39,97409.55,94153.27,5.79,0.03,270.09,30.2,-1.45,4.71,21.55,-38.09
05.08.2018,94939.63,95290.46,98743.89,88598.12,8.49,-0.7,-350.83,28.34,-0.55,26.49,-27.99,-38.98
12.08.2018,88734.76,93869.51,95299.14,84654.5,8.97,-6.54,-5134.75,31.02,-1.35,-6.43,-409.61,-47.15
19.08.2018,90185.99,88984.52,90476.48,88938.61,388.95,1.64,1201.47,28.41,5.55,-0.12,95.84,-45.24
26.08.2018,92723.4,90921.33,94279.73,89999.2,4.22,2.81,1802.07,29.33,2.11,8.84,143.75,-41.89
02.09.2018,93274.15,92291.29,94656.05,92205.55,4.59,0.59,982.86,28.44,-0.76,-2.16,78.4,-41.17
09.09.2018,94759.64,93532.9,96298.9,91206.17,6.03,1.59,1226.74,28.49,1.64,-3.54,97.86,-39.21
16.09.2018,97988.16,94477.37,97988.16,93790.14,7.83,3.41,3510.79,29.49,0.91,2.0,280.06,-34.96
23.09.2018,99956.9,98284.19,100637.69,97781.97,8.74,2.01,1672.71,31.04,4.97,-3.78,133.44,-32.37
30.09.2018,94883.47,100075.2,100646.97,93169.15,6.83,-5.08,-5191.73,30.1,1.74,1.28,-414.16,-39.05
07.10.2018,96657.42,94132.17,97168.89,93389.22,7.62,1.87,2525.25,26.25,-4.43,-4.26,201.44,-36.71
14.10.2018,96454.57,97346.96,99553.94,96335.38,7.41,-0.21,-892.39,26.66,-0.81,-3.91,-71.19,-36.98
21.10.2018,90541.53,97215.75,97406.25,90541.53,5.45,-6.13,-6674.22,32.25,-2.71,-0.88,-532.42,-44.77
28.10.2018,94123.02,90883.69,94570.59,88564.44,5.26,3.96,3239.33,30.51,-6.17,-2.92,258.41,-40.05
04.11.2018,92839.21,94523.72,96282.05,92127.06,6.54,-1.36,-1684.51,37.05,-3.64,0.57,-134.38,-41.74
11.11.2018,93616.45,93005.79,94308.29,91297.67,5.86,0.84,610.66,36.9,-4.87,-2.36,48.71,-40.72
18.11.2018,93003.27,93568.15,94602.73,91545.81,5.73,-0.65,-564.88,35.98,-11.92,-0.83,-45.06,-41.53
25.11.2018,95416.03,93521.69,95544.59,93043.02,6.79,2.59,1894.34,41.33,-0.15,-1.41,151.12,-38.35
02.12.2018,93699.49,96366.96,96829.78,92375.25,6.18,-1.8,-2667.47,39.03,5.04,1.73,-212.79,-40.61
09.12.2018,90528.64,93245.87,93453.7,89337.5,5.15,-3.38,-2717.23,45.64,-2.25,1.14,-216.76,-44.78
16.12.2018,91860.75,90595.64,92583.49,89567.01,5.31,1.47,1265.11,45.12,-10.72,-0.85,100.92,-43.03
23.12.2018,90435.33,92138.85,92435.66,90107.39,2.99,-1.55,-1703.52,43.38,-3.01,-0.86,-135.89,-44.91
30.12.2018,88830.82,90675.11,91338.37,87399.02,3.27,-1.77,-1844.29,46.81,9.31,1.11,-147.12,-47.02
06.01.2019,91687.04,89444.74,92028.48,89280.82,5.01,3.22,2242.3,48.63,5.99,2.32,178.87,-43.26
13.01.2019,98454.88,90825.39,98662.21,90388.37,7.18,7.38,7629.49,48.34,3.67,-2.32,608.62,-34.35
20.01.2019,101801.42,98627.47,102319.92,97634.93,7.64,3.4,3173.95,55.57,-1.69,-1.12,253.19,-29.94
27.01.2019,102937.14,101822.8,105930.24,101077.08,7.76,1.12,1114.34,59.48,1.8,-1.15,88.89,-28.44
03.02.2019,102451.74,103078.49,103852.06,101620.48,6.63,-0.47,-626.75,58.73,-1.04,0.75,-50.0,-29.08
10.02.2019,102715.01,103287.56,104977.36,100749.57,7.23,0.26,-572.55,58.36,6.68,0.46,-45.67,-28.74
17.02.2019,103185.7,102866.81,103468.1,100713.11,5.82,0.46,318.89,63.2,1.31,0.9,25.44,-28.12
24.02.2019,103266.58,103874.99,105269.35,102956.65,7.49,0.08,-608.41,59.5,-3.05,1.05,-48.53,-28.01
03.03.2019,101538.28,103564.09,104866.55,100873.61,7.61,-1.67,-2025.81,56.49,1.03,1.04,-161.6,-30.29
10.03.2019,103304.05,101886.95,103380.35,100651.72,6.22,1.74,1417.1,57.92,2.16,0.3,113.05,-27.96
17.03.2019,99835.31,103785.14,105929.13,99652.38,8.27,-3.36,-3949.83,55.05,-0.19,5.8,-315.09,-32.53
24.03.2019,93784.18,100027.45,100381.74,90523.89,8.42,-6.06,-6243.27,51.52,2.03,-3.6,-498.04,-40.5
31.03.2019,98783.36,93908.43,99214.08,91864.5,6.89,5.33,4874.93,44.9,2.85,1.27,388.88,-33.91
07.04.2019,95976.82,98978.89,99076.85,95028.49,5.5,-2.84,-3002.07,49.65,1.72,2.54,-239.48,-37.61
14.04.2019,96861.42,95760.29,98661.99,95191.67,4.73,0.92,1101.13,50.23,0.59,0.73,87.84,-36.45
21.04.2019,94783.14,96389.79,96537.15,93891.66,4.03,-2.15,-1606.65,47.01,0.25,2.19,-128.17,-39.18
28.04.2019,93946.08,95039.78,96050.48,93475.69,4.54,-0.88,-1093.7,46.43,-1.8,0.45,-87.25,-40.28
05.05.2019,88533.4,93026.37,93076.15,88315.54,5.81,-5.76,-4492.97,48.0,-0.32,0.34,-358.41,-47.41
12.05.2019,86796.06,88628.65,88740.71,85446.61,6.2,-1.96,-1832.59,36.47,2.25,1.17,-146.19,-49.7
19.05.2019,86072.28,86894.95,87153.69,83535.32,5.55,-0.83,-822.67,33.63,-4.87,0.45,-65.63,-50.65
26.05.2019,90589.73,86505.55,90589.73,85309.68,5.4,5.25,4084.18,36.06,-6.11,-4.02,325.8,-44.7
02.06.2019,93809.09,90335.58,93809.09,89819.98,1.36,3.55,3473.51,41.44,-1.86,-0.12,277.09,-40.46
09.06.2019,90787.01,93761.52,94589.29,90024.05,6.03,-3.22,-2974.51,46.62,-2.02,1.21,-237.28,-44.44
16.06.2019,94022.28,90475.52,95954.82,90392.1,6.88,3.56,3546.76,49.46,5.14,-1.36,282.93,-40.18
23.06.2019,96485.32,96039.5,96650.32,94519.12,5.62,2.62,445.82,54.14,2.07,-0.5,35.56,-36.94
30.06.2019,99634.78,98662.85,100500.83,98374.47,7.09,3.26,971.93,52.18,-3.49,-2.82,77.53,-32.79
07.07.2019,97098.34,98106.02,99870.63,96270.98,6.56,-2.55,-1007.68,53.78,3.88,1.62,-80.38,-36.13
14.07.2019,101849.19,97860.4,102881.92,97633.85,5.02,4.89,3988.79,54.54,-6.37,-1.13,318.19,-29.88
21.07.2019,102837.19,101812.29,104153.89,100846.81,6.26,0.97,1024.9,59.27,1.58,0.3,81.76,-28.58
28.07.2019,99679.44,103146.74,103552.66,99629.79,5.23,-3.07,-3467.3,55.34,-2.47,-1.98,-276.59,-32.73
04.08.2019,99405.03,99406.95,100177.56,97722.73,5.25,-0.28,-1.92,55.06,-5.43,-1.22,-0.15,-33.1
11.08.2019,95734.17,98504.05,98530.87,95730.86,2.2,-3.69,-2769.88,59.95,0.19,1.58,-220.96,-37.93
18.08.2019,97149.04,96501.35,97403.9,94349.28,5.4,1.48,647.69,58.22,1.19,3.25,51.67,-36.07
25.08.2019,96718.48,95648.94,97448.05,95291.5,4.65,-0.44,1069.54,54.5,1.84,1.23,85.32,-36.63
01.09.2019,98987.48,96737.68,100876.62,96737.68,8.34,2.35,2249.8,61.46,1.84,-1.97,179.47,-33.65
08.09.2019,103071.8,99836.53,103258.48,99836.53,7.64,4.13,3235.27,60.67,-2.14,-0.51,258.08,-28.27
15.09.2019,100236.7,102551.8,103320.73,99933.08,7.56,-2.75,-2315.1,59.21,6.74,1.02,-184.68,-32.0
22.09.2019,105152.17,100445.47,105242.05,99583.14,7.85,4.9,4706.7,56.58,-3.69,-1.27,375.46,-25.53
29.09.2019,103463.52,105700.3,105834.02,102061.99,8.25,-1.61,-2236.78,57.79,-5.72,0.45,-178.43,-27.75
06.10.2019,99027.82,103294.05,105176.23,97510.69,9.41,-4.29,-4266.23,60.35,3.67,3.32,-340.33,-33.59
13.10.2019,98415.34,97979.58,98730.64,93031.92,6.59,-0.62,435.76,56.84,-1.8,-1.59,34.76,-34.4
20.10.2019,100215.95,98526.43,101238.8,97171.93,7.13,1.83,1689.52,59.42,4.38,-0.3,134.78,-32.03
27.10.2019,98462.73,100385.44,100542.47,97678.55,4.44,-1.75,-1922.71,57.79,-0.53,-1.08,-153.38,-34.34
03.11.2019,103153.2,99267.44,104017.78,99143.94,7.92,4.76,3885.76,58.82,1.33,0.95,309.98,-28.16
10.11.2019,105379.71,102921.71,105517.87,102368.94,8.3,2.16,2458.0,58.66,1.26,-0.37,196.08,-25.23
17.11.2019,106588.41,105902.43,108142.19,105902.43,9.48,1.15,685.98,60.03,0.14,-0.56,54.72,-23.64
24.11.2019,106903.68,107193.15,107845.98,104718.29,9.22,0.3,-289.47,59.6,-1.51,0.59,-23.09,-23.22
01.12.2019,108869.14,107350.11,109315.16,106701.59,11.07,1.84,1519.03,54.21,3.14,0.52,121.18,-20.63
08.12.2019,110476.59,108896.49,111910.4,107464.85,10.62,1.48,1580.1,56.59,1.29,0.55,126.05,-18.52
15.12.2019,111176.75,110673.98,111955.68,110105.8,10.9,0.63,502.77,56.59,1.41,2.27,40.11,-17.59
22.12.2019,113683.61,111479.29,114534.75,111266.18,12.25,2.25,2204.32,51.29,3.05,0.17,175.84,-14.29
29.12.2019,113684.01,114057.03,115932.05,112617.2,10.21,0.0,-373.02,51.19,0.65,0.37,-29.76,-14.29
05.01.2020,118663.7,112532.38,119140.15,110745.62,12.86,4.38,6131.32,53.7,-5.28,-1.58,489.11,-7.73
12.01.2020,121474.75,119595.16,122482.43,119574.71,14.13,2.37,1879.59,58.53,-0.2,0.22,149.94,-4.03
19.01.2020,122141.75,121879.47,124536.63,120761.35,12.22,0.55,262.28,55.99,-6.41,0.82,20.92,-3.15
26.01.2020,119140.08,120711.7,121673.64,118255.89,11.71,-2.46,-1571.62,54.26,-4.17,0.73,-125.37,-7.11
02.02.2020,121015.14,119436.5,123844.96,118761.62,12.36,1.57,1578.64,62.06,-6.34,0.55,125.93,-4.64
09.02.2020,120151.44,120459.39,121580.54,116647.79,13.0,-0.71,-307.95,58.07,5.23,0.59,-24.57,-5.77
16.02.2020,116829.39,120981.96,121242.4,114453.4,12.45,-2.76,-4152.57,61.36,2.06,0.76,-331.26,-10.15
23.02.2020,105993.65,114984.4,115991.78,99331.99,11.09,-9.27,-8990.75,56.85,-13.64,2.4,-717.21,-24.42
01.03.2020,109600.53,108379.28,113106.57,106425.26,8.79,3.4,1221.25,35.84,-10.39,-2.42,97.42,-19.67
08.03.2020,95605.22,106539.89,106857.2,91644.28,9.26,-12.77,-10934.67,37.33,-25.23,3.94,-872.28,-38.1
15.03.2020,85795.79,92263.97,92263.97,81936.4,8.51,-10.26,-6468.18,28.71,-20.3,3.48,-515.98,-51.02
22.03.2020,88125.04,83043.97,92299.34,82528.45,10.86,2.71,5081.07,27.31,-7.6,-1.49,405.33,-47.95
29.03.2020,89552.61,87937.02,90408.82,86815.14,9.84,1.62,1615.59,28.24,36.82,4.28,128.88,-46.07
05.04.2020,96470.97,90989.07,97482.88,90630.58,11.38,7.73,5481.9,28.38,-7.71,-0.46,437.3,-36.96
12.04.2020,98179.82,95463.15,99044.2,94602.49,11.26,1.77,2716.67,35.1,-10.8,3.46,216.71,-34.71
19.04.2020,98758.96,98661.63,99497.08,97275.89,8.98,0.59,97.33,34.68,-23.65,0.61,7.76,-33.95
26.04.2020,101110.11,100086.33,102328.43,99359.52,9.5,2.38,1023.78,29.52,23.32,0.54,81.67,-30.85
03.05.2020,97845.2,100253.75,100253.75,97671.82,11.01,-3.23,-2408.55,27.93,17.13,1.03,-192.14,-35.15
10.05.2020,99768.15,98419.82,100864.92,97740.33,11.23,1.97,1348.33,29.51,4.94,-2.58,107.56,-32.62
17.05.2020,103024.34,100896.81,103306.72,100896.81,8.12,3.26,2127.53,30.81,8.09,-1.25,169.72,-28.33
24.05.2020,105520.47,103798.0,106291.54,103798.0,8.09,2.42,1722.47,29.35,0.57,0.08,137.41,-25.04
31.05.2020,110021.83,106481.02,110601.92,106356.95,13.7,4.27,3540.81,29.99,19.73,-0.74,282.46,-19.11
07.06.2020,109835.47,110331.85,111042.82,107832.96,15.2,-0.17,-496.38,27.6,-8.44,0.63,-39.6,-19.36
14.06.2020,113611.89,109392.95,114337.53,108716.08,18.86,3.44,4218.94,29.03,8.93,0.59,336.55,-14.39
21.06.2020,114668.41,114701.4,116279.22,113419.64,19.99,0.93,-32.99,30.96,-2.77,0.02,-2.63,-13.0
28.06.2020,116906.73,114668.41,117381.89,114451.19,4.35,1.95,2238.32,29.44,4.34,0.11,178.56,-10.05
